student_id,name,surname,full_name,email
1,Karel,Torre,Karel Torre,ktorre0@shareasale.com
2,Shane,Ketteringham,Shane Ketteringham,sketteringham1@furl.net
3,Trenton,Detoile,Trenton Detoile,tdetoile2@hostgator.com
4,Sonny,Ruffles,Sonny Ruffles,sruffles3@last.fm
5,Cullie,Taborre,Cullie Taborre,ctaborre4@digg.com
6,Cal,Strutley,Cal Strutley,cstrutley5@samsung.com
7,Erskine,Eton,Erskine Eton,eeton6@cloudflare.com
8,Bertrando,Emby,Bertrando Emby,bemby7@squarespace.com
9,Lisabeth,Lade,Lisabeth Lade,llade8@w3.org
10,Beverie,Wendover,Beverie Wendover,bwendover9@blinklist.com
11,Eartha,Detoile,Eartha Detoile,edetoilea@edublogs.org
12,Ariel,Tacon,Ariel Tacon,ataconb@webnode.com
13,Hanson,Chevins,Hanson Chevins,hchevinsc@istockphoto.com
14,Cassy,Casterton,Cassy Casterton,ccastertond@buzzfeed.com
15,Lynn,MacDirmid,Lynn MacDirmid,lmacdirmide@abc.net.au
16,Carley,Berriman,Carley Berriman,cberrimanf@blogtalkradio.com
17,Ulrike,Kimbling,Ulrike Kimbling,ukimblingg@about.com
18,Paddy,Gartell,Paddy Gartell,pgartellh@taobao.com
19,Anatola,Wiltshear,Anatola Wiltshear,awiltsheari@jimdo.com
20,Dorthea,Tilley,Dorthea Tilley,dtilleyj@illinois.edu